{"cameraMode":{"drawMode":0,"name":"Shaded","section":"Shading Mode"},"sceneLighting":true,"audioPlay":false,"sceneViewState":{"showFog":true,"showMaterialUpdate":false,"showSkybox":true,"showFlares":true,"showImageEffects":true,"showParticleSystems":true},"in2DMode":false,"pivot":{"x":7.554161071777344,"y":0.08669741451740265,"z":3.242356300354004},"rotation":{"x":0.11257745325565338,"y":0.0008068624883890152,"z":-0.00009075996786123142,"w":0.9936426281929016},"size":2.856708526611328,"orthographic":false}