{"cameraMode":{"drawMode":0,"name":"Shaded","section":"Shading Mode"},"sceneLighting":true,"audioPlay":false,"sceneViewState":{"showFog":true,"showMaterialUpdate":false,"showSkybox":true,"showFlares":true,"showImageEffects":true,"showParticleSystems":true},"in2DMode":false,"pivot":{"x":-0.39739322662353518,"y":0.38810229301452639,"z":-0.14321744441986085},"rotation":{"x":-0.23337505757808686,"y":-0.11722945421934128,"z":0.028353849425911905,"w":-0.9648779630661011},"size":0.12219023704528809,"orthographic":false}