{"cameraMode":{"drawMode":0,"name":"Shaded","section":"Shading Mode"},"sceneLighting":true,"audioPlay":false,"sceneViewState":{"showFog":true,"showMaterialUpdate":false,"showSkybox":true,"showFlares":true,"showImageEffects":true,"showParticleSystems":true},"in2DMode":false,"pivot":{"x":0.3046629726886749,"y":2.677751064300537,"z":1.6135097742080689},"rotation":{"x":0.19069963693618775,"y":0.18219657242298127,"z":-0.036044541746377948,"w":0.9639185070991516},"size":11.880085945129395,"orthographic":false}