{"cameraMode":{"drawMode":0,"name":"Shaded","section":"Shading Mode"},"sceneLighting":true,"audioPlay":false,"sceneViewState":{"showFog":true,"showMaterialUpdate":false,"showSkybox":true,"showFlares":true,"showImageEffects":true,"showParticleSystems":true},"in2DMode":false,"pivot":{"x":0.2195073366165161,"y":-1.9049969911575318,"z":3.4421348571777345},"rotation":{"x":0.22209268808364869,"y":0.2165875881910324,"z":-0.050670091062784198,"w":0.9493140578269959},"size":4.418598175048828,"orthographic":false}