{"cameraMode":{"drawMode":0,"name":"Shaded","section":"Shading Mode"},"sceneLighting":true,"audioPlay":false,"sceneViewState":{"showFog":true,"showMaterialUpdate":false,"showSkybox":true,"showFlares":true,"showImageEffects":true,"showParticleSystems":true},"in2DMode":false,"pivot":{"x":3.4605817794799806,"y":-1.2883340120315552,"z":3.608431816101074},"rotation":{"x":0.2573722302913666,"y":-0.19328759610652924,"z":0.052625056356191638,"w":0.9453200697898865},"size":3.4567084312438967,"orthographic":false}