{"cameraMode":{"drawMode":0,"name":"Shaded","section":"Shading Mode"},"sceneLighting":true,"audioPlay":false,"sceneViewState":{"showFog":true,"showMaterialUpdate":false,"showSkybox":true,"showFlares":true,"showImageEffects":true,"showParticleSystems":true},"in2DMode":false,"pivot":{"x":0.15423408150672913,"y":1.2033236026763917,"z":-8.372563362121582},"rotation":{"x":-0.18225350975990296,"y":0.018283991143107415,"z":-0.0033899517729878427,"w":-0.9830767512321472},"size":10.0,"orthographic":false}